family,order,fidel,english_sound_guide,audio_asset
1,1,ሀ,Huh,assets/sounds/fidel_1200.m4a
1,2,ሁ,Hoo,assets/sounds/fidel_1201.m4a
1,3,ሂ,Hee,assets/sounds/fidel_1202.m4a
1,4,ሃ,Hah,assets/sounds/fidel_1203.m4a
1,5,ሄ,Heh,assets/sounds/fidel_1204.m4a
1,6,ህ,Hih,assets/sounds/fidel_1205.m4a
1,7,ሆ,Hoh,assets/sounds/fidel_1206.m4a
2,1,ለ,Luh,assets/sounds/fidel_1208.m4a
2,2,ሉ,Loo,assets/sounds/fidel_1209.m4a
2,3,ሊ,Lee,assets/sounds/fidel_120a.m4a
2,4,ላ,Lah,assets/sounds/fidel_120b.m4a
2,5,ሌ,Leh,assets/sounds/fidel_120c.m4a
2,6,ል,Lih,assets/sounds/fidel_120d.m4a
2,7,ሎ,Loh,assets/sounds/fidel_120e.m4a
3,1,ሐ,Huh,assets/sounds/fidel_1210.m4a
3,2,ሑ,Hoo,assets/sounds/fidel_1211.m4a
3,3,ሒ,Hee,assets/sounds/fidel_1212.m4a
3,4,ሓ,Hah,assets/sounds/fidel_1213.m4a
3,5,ሔ,Heh,assets/sounds/fidel_1214.m4a
3,6,ሕ,Hih,assets/sounds/fidel_1215.m4a
3,7,ሖ,Hoh,assets/sounds/fidel_1216.m4a
4,1,መ,Muh,assets/sounds/fidel_1218.m4a
4,2,ሙ,Moo,assets/sounds/fidel_1219.m4a
4,3,ሚ,Mee,assets/sounds/fidel_121a.m4a
4,4,ማ,Mah,assets/sounds/fidel_121b.m4a
4,5,ሜ,Meh,assets/sounds/fidel_121c.m4a
4,6,ም,Mih,assets/sounds/fidel_121d.m4a
4,7,ሞ,Moh,assets/sounds/fidel_121e.m4a
5,1,ሠ,Suh,assets/sounds/fidel_1220.m4a
5,2,ሡ,Soo,assets/sounds/fidel_1221.m4a
5,3,ሢ,See,assets/sounds/fidel_1222.m4a
5,4,ሣ,Sah,assets/sounds/fidel_1223.m4a
5,5,ሤ,Seh,assets/sounds/fidel_1224.m4a
5,6,ሥ,Sih,assets/sounds/fidel_1225.m4a
5,7,ሦ,Soh,assets/sounds/fidel_1226.m4a
6,1,ረ,Ruh,assets/sounds/fidel_1228.m4a
6,2,ሩ,Roo,assets/sounds/fidel_1229.m4a
6,3,ሪ,Ree,assets/sounds/fidel_122a.m4a
6,4,ራ,Rah,assets/sounds/fidel_122b.m4a
6,5,ሬ,Reh,assets/sounds/fidel_122c.m4a
6,6,ር,Rih,assets/sounds/fidel_122d.m4a
6,7,ሮ,Roh,assets/sounds/fidel_122e.m4a
7,1,ሰ,Suh,assets/sounds/fidel_1230.m4a
7,2,ሱ,Soo,assets/sounds/fidel_1231.m4a
7,3,ሲ,See,assets/sounds/fidel_1232.m4a
7,4,ሳ,Sah,assets/sounds/fidel_1233.m4a
7,5,ሴ,Seh,assets/sounds/fidel_1234.m4a
7,6,ስ,Sih,assets/sounds/fidel_1235.m4a
7,7,ሶ,Soh,assets/sounds/fidel_1236.m4a
8,1,ሸ,Shuh,assets/sounds/fidel_1238.wav
8,2,ሹ,Shoo,assets/sounds/fidel_1239.wav
8,3,ሺ,Shee,assets/sounds/fidel_123a.wav
8,4,ሻ,Shah,assets/sounds/fidel_123b.wav
8,5,ሼ,Sheh,assets/sounds/fidel_123c.wav
8,6,ሽ,Shih,assets/sounds/fidel_123d.wav
8,7,ሾ,Shoh,assets/sounds/fidel_123e.wav
9,1,ቀ,Quh,assets/sounds/fidel_1240.m4a
9,2,ቁ,Qoo,assets/sounds/fidel_1241.m4a
9,3,ቂ,Qee,assets/sounds/fidel_1242.m4a
9,4,ቃ,Qah,assets/sounds/fidel_1243.m4a
9,5,ቄ,Qeh,assets/sounds/fidel_1244.m4a
9,6,ቅ,Qih,assets/sounds/fidel_1245.m4a
9,7,ቆ,Qoh,assets/sounds/fidel_1246.m4a
10,1,በ,Buh,assets/sounds/fidel_1260.m4a
10,2,ቡ,Boo,assets/sounds/fidel_1261.m4a
10,3,ቢ,Bee,assets/sounds/fidel_1262.m4a
10,4,ባ,Bah,assets/sounds/fidel_1263.m4a
10,5,ቤ,Beh,assets/sounds/fidel_1264.m4a
10,6,ብ,Bih,assets/sounds/fidel_1265.m4a
10,7,ቦ,Boh,assets/sounds/fidel_1266.m4a
11,1,ተ,Tuh,assets/sounds/fidel_1270.m4a
11,2,ቱ,Too,assets/sounds/fidel_1271.m4a
11,3,ቲ,Tee,assets/sounds/fidel_1272.m4a
11,4,ታ,Tah,assets/sounds/fidel_1273.m4a
11,5,ቴ,Teh,assets/sounds/fidel_1274.m4a
11,6,ት,Tih,assets/sounds/fidel_1275.m4a
11,7,ቶ,Toh,assets/sounds/fidel_1276.m4a
12,1,ቸ,Chuh,assets/sounds/fidel_1278.m4a
12,2,ቹ,Choo,assets/sounds/fidel_1279.m4a
12,3,ቺ,Chee,assets/sounds/fidel_127a.m4a
12,4,ቻ,Chah,assets/sounds/fidel_127b.m4a
12,5,ቼ,Cheh,assets/sounds/fidel_127c.m4a
12,6,ች,Chih,assets/sounds/fidel_127d.m4a
12,7,ቾ,Choh,assets/sounds/fidel_127e.m4a
13,1,ኀ,Huh,assets/sounds/fidel_1280.m4a
13,2,ኁ,Hoo,assets/sounds/fidel_1281.m4a
13,3,ኂ,Hee,assets/sounds/fidel_1282.m4a
13,4,ኃ,Hah,assets/sounds/fidel_1283.m4a
13,5,ኄ,Heh,assets/sounds/fidel_1284.m4a
13,6,ኅ,Hih,assets/sounds/fidel_1285.m4a
13,7,ኆ,Hoh,assets/sounds/fidel_1286.m4a
14,1,ነ,Nuh,assets/sounds/fidel_1290.m4a
14,2,ኑ,Noo,assets/sounds/fidel_1291.m4a
14,3,ኒ,Nee,assets/sounds/fidel_1292.m4a
14,4,ና,Nah,assets/sounds/fidel_1293.m4a
14,5,ኔ,Neh,assets/sounds/fidel_1294.m4a
14,6,ን,Nih,assets/sounds/fidel_1295.m4a
14,7,ኖ,Noh,assets/sounds/fidel_1296.m4a
15,1,ኘ,Nyuh,assets/sounds/fidel_1298.m4a
15,2,ኙ,Nyoo,assets/sounds/fidel_1299.m4a
15,3,ኚ,Nyee,assets/sounds/fidel_129a.m4a
15,4,ኛ,Nyah,assets/sounds/fidel_129b.m4a
15,5,ኜ,Nyeh,assets/sounds/fidel_129c.m4a
15,6,ኝ,Nyih,assets/sounds/fidel_129d.m4a
15,7,ኞ,Nyoh,assets/sounds/fidel_129e.m4a
16,1,አ,Uh,assets/sounds/fidel_12a0.m4a
16,2,ኡ,Oo,assets/sounds/fidel_12a1.m4a
16,3,ኢ,Ee,assets/sounds/fidel_12a2.m4a
16,4,ኣ,Ah,assets/sounds/fidel_12a3.m4a
16,5,ኤ,Eh,assets/sounds/fidel_12a4.m4a
16,6,እ,Ih,assets/sounds/fidel_12a5.m4a
16,7,ኦ,Oh,assets/sounds/fidel_12a6.m4a
17,1,ከ,Kuh,assets/sounds/fidel_12a8.m4a
17,2,ኩ,Koo,assets/sounds/fidel_12a9.m4a
17,3,ኪ,Kee,assets/sounds/fidel_12aa.m4a
17,4,ካ,Kah,assets/sounds/fidel_12ab.m4a
17,5,ኬ,Keh,assets/sounds/fidel_12ac.m4a
17,6,ክ,Kih,assets/sounds/fidel_12ad.m4a
17,7,ኮ,Koh,assets/sounds/fidel_12ae.m4a
18,1,ኸ,Khuh,assets/sounds/fidel_12b8.m4a
18,2,ኹ,Khoo,assets/sounds/fidel_12b9.m4a
18,3,ኺ,Khee,assets/sounds/fidel_12ba.m4a
18,4,ኻ,Khah,assets/sounds/fidel_12bb.m4a
18,5,ኼ,Kheh,assets/sounds/fidel_12bc.m4a
18,6,ኽ,Khih,assets/sounds/fidel_12bd.m4a
18,7,ኾ,Khoh,assets/sounds/fidel_12be.m4a
19,1,ወ,Wuh,assets/sounds/fidel_12c8.m4a
19,2,ዉ,Woo,assets/sounds/fidel_12c9.m4a
19,3,ዊ,Wee,assets/sounds/fidel_12ca.m4a
19,4,ዋ,Wah,assets/sounds/fidel_12cb.m4a
19,5,ዌ,Weh,assets/sounds/fidel_12cc.m4a
19,6,ው,Wih,assets/sounds/fidel_12cd.m4a
19,7,ዎ,Woh,assets/sounds/fidel_12ce.m4a
20,1,ዐ,Uh,assets/sounds/fidel_12d0.m4a
20,2,ዑ,Oo,assets/sounds/fidel_12d1.m4a
20,3,ዒ,Ee,assets/sounds/fidel_12d2.m4a
20,4,ዓ,Ah,assets/sounds/fidel_12d3.m4a
20,5,ዔ,Eh,assets/sounds/fidel_12d4.m4a
20,6,ዕ,Ih,assets/sounds/fidel_12d5.m4a
20,7,ዖ,Oh,assets/sounds/fidel_12d6.m4a
21,1,ዘ,Zuh,assets/sounds/fidel_12d8.m4a
21,2,ዙ,Zoo,assets/sounds/fidel_12d9.m4a
21,3,ዚ,Zee,assets/sounds/fidel_12da.m4a
21,4,ዛ,Zah,assets/sounds/fidel_12db.m4a
21,5,ዜ,Zeh,assets/sounds/fidel_12dc.m4a
21,6,ዝ,Zih,assets/sounds/fidel_12dd.m4a
21,7,ዞ,Zoh,assets/sounds/fidel_12de.m4a
22,1,ዠ,Zhuh,assets/sounds/fidel_12e0.m4a
22,2,ዡ,Zhoo,assets/sounds/fidel_12e1.m4a
22,3,ዢ,Zhee,assets/sounds/fidel_12e2.m4a
22,4,ዣ,Zhah,assets/sounds/fidel_12e3.m4a
22,5,ዤ,Zheh,assets/sounds/fidel_12e4.m4a
22,6,ዥ,Zhih,assets/sounds/fidel_12e5.m4a
22,7,ዦ,Zhoh,assets/sounds/fidel_12e6.m4a
23,1,የ,Yuh,assets/sounds/fidel_12e8.m4a
23,2,ዩ,Yoo,assets/sounds/fidel_12e9.m4a
23,3,ዪ,Yee,assets/sounds/fidel_12ea.m4a
23,4,ያ,Yah,assets/sounds/fidel_12eb.m4a
23,5,ዬ,Yeh,assets/sounds/fidel_12ec.m4a
23,6,ይ,Yih,assets/sounds/fidel_12ed.m4a
23,7,ዮ,Yoh,assets/sounds/fidel_12ee.m4a
24,1,ደ,Duh,assets/sounds/fidel_12f0.wav
24,2,ዱ,Doo,assets/sounds/fidel_12f1.wav
24,3,ዲ,Dee,assets/sounds/fidel_12f2.wav
24,4,ዳ,Dah,assets/sounds/fidel_12f3.wav
24,5,ዴ,Deh,assets/sounds/fidel_12f4.wav
24,6,ድ,Dih,assets/sounds/fidel_12f5.wav
24,7,ዶ,Doh,assets/sounds/fidel_12f6.wav
25,1,ጀ,Juh,assets/sounds/fidel_1300.wav
25,2,ጁ,Joo,assets/sounds/fidel_1301.wav
25,3,ጂ,Jee,assets/sounds/fidel_1302.wav
25,4,ጃ,Jah,assets/sounds/fidel_1303.wav
25,5,ጄ,Jeh,assets/sounds/fidel_1304.wav
25,6,ጅ,Jih,assets/sounds/fidel_1305.wav
25,7,ጆ,Joh,assets/sounds/fidel_1306.wav
26,1,ገ,Guh,assets/sounds/fidel_1308.m4a
26,2,ጉ,Goo,assets/sounds/fidel_1309.m4a
26,3,ጊ,Gee,assets/sounds/fidel_130a.m4a
26,4,ጋ,Gah,assets/sounds/fidel_130b.m4a
26,5,ጌ,Geh,assets/sounds/fidel_130c.m4a
26,6,ግ,Gih,assets/sounds/fidel_130d.m4a
26,7,ጎ,Goh,assets/sounds/fidel_130e.m4a
27,1,ጠ,Tuh,assets/sounds/fidel_1320.m4a
27,2,ጡ,Too,assets/sounds/fidel_1321.m4a
27,3,ጢ,Tee,assets/sounds/fidel_1322.m4a
27,4,ጣ,Tah,assets/sounds/fidel_1323.m4a
27,5,ጤ,Teh,assets/sounds/fidel_1324.m4a
27,6,ጥ,Tih,assets/sounds/fidel_1325.m4a
27,7,ጦ,Toh,assets/sounds/fidel_1326.m4a
28,1,ጨ,Chuh,assets/sounds/fidel_1328.m4a
28,2,ጩ,Choo,assets/sounds/fidel_1329.m4a
28,3,ጪ,Chee,assets/sounds/fidel_132a.m4a
28,4,ጫ,Chah,assets/sounds/fidel_132b.m4a
28,5,ጬ,Cheh,assets/sounds/fidel_132c.m4a
28,6,ጭ,Chih,assets/sounds/fidel_132d.m4a
28,7,ጮ,Choh,assets/sounds/fidel_132e.m4a
29,1,ጰ,Puh,assets/sounds/fidel_1330.m4a
29,2,ጱ,Poo,assets/sounds/fidel_1331.m4a
29,3,ጲ,Pee,assets/sounds/fidel_1332.m4a
29,4,ጳ,Pah,assets/sounds/fidel_1333.m4a
29,5,ጴ,Peh,assets/sounds/fidel_1334.m4a
29,6,ጵ,Pih,assets/sounds/fidel_1335.m4a
29,7,ጶ,Poh,assets/sounds/fidel_1336.m4a
30,1,ጸ,Tsuh,assets/sounds/fidel_1338.wav
30,2,ጹ,Tsoo,assets/sounds/fidel_1339.wav
30,3,ጺ,Tsee,assets/sounds/fidel_133a.wav
30,4,ጻ,Tsah,assets/sounds/fidel_133b.wav
30,5,ጼ,Tseh,assets/sounds/fidel_133c.wav
30,6,ጽ,Tsih,assets/sounds/fidel_133d.wav
30,7,ጾ,Tsoh,assets/sounds/fidel_133e.wav
31,1,ፀ,Tsuh,assets/sounds/fidel_1340.m4a
31,2,ፁ,Tsoo,assets/sounds/fidel_1341.m4a
31,3,ፂ,Tsee,assets/sounds/fidel_1342.m4a
31,4,ፃ,Tsah,assets/sounds/fidel_1343.m4a
31,5,ፄ,Tseh,assets/sounds/fidel_1344.m4a
31,6,ፅ,Tsih,assets/sounds/fidel_1345.m4a
31,7,ፆ,Tsoh,assets/sounds/fidel_1346.m4a
32,1,ፈ,Fuh,assets/sounds/fidel_1348.m4a
32,2,ፉ,Foo,assets/sounds/fidel_1349.m4a
32,3,ፊ,Fee,assets/sounds/fidel_134a.m4a
32,4,ፋ,Fah,assets/sounds/fidel_134b.m4a
32,5,ፌ,Feh,assets/sounds/fidel_134c.m4a
32,6,ፍ,Fih,assets/sounds/fidel_134d.m4a
32,7,ፎ,Foh,assets/sounds/fidel_134e.m4a
33,1,ፐ,Puh,assets/sounds/fidel_1350.m4a
33,2,ፑ,Poo,assets/sounds/fidel_1351.m4a
33,3,ፒ,Pee,assets/sounds/fidel_1352.m4a
33,4,ፓ,Pah,assets/sounds/fidel_1353.m4a
33,5,ፔ,Peh,assets/sounds/fidel_1354.m4a
33,6,ፕ,Pih,assets/sounds/fidel_1355.m4a
33,7,ፖ,Poh,assets/sounds/fidel_1356.m4a
